Test Time / s,Voltage / V,Current / A,Unix Time / s,Cycle Count / 1,Step Index / 1,Charging Capacity / Ah,Discharging Capacity / Ah,Protocol Name / 1,Step Type / 1,Maximum Cell Temperature / degC,External Temperature / degC,data_point,step_time
262479.99999999994,2.46974705344808,-0.0,262480.0,2,1,0.0,0.0,A with temperature: 15,rest,22.5381031487936,15,554,0.0
262540.0000000001,2.49357415558334,-0.0,262540.0,2,1,0.0,0.0,A with temperature: 15,rest,20.6317271195229,15,555,60.00000000017462
262599.9999999998,2.5096723745317,-0.0,262600.0,2,1,0.0,0.0,A with temperature: 15,rest,19.2032275758423,15,556,119.99999999988358
262659.99999999994,2.52131558111992,-0.0,262660.0,2,1,0.0,0.0,A with temperature: 15,rest,18.1361388175032,15,557,180.0
262720.0000000001,2.53011020199044,-0.0,262720.0,2,1,0.0,0.0,A with temperature: 15,rest,17.3398256964039,15,558,240.00000000017462
262779.9999999998,2.53694541402983,-0.0,262780.0,2,1,0.0,0.0,A with temperature: 15,rest,16.7457590162617,15,559,299.9999999998836
262840.0,2.54236238879332,-0.0,262840.0,2,1,0.0,0.0,A with temperature: 15,rest,16.3026097439071,15,560,360.0000000000582
262900.00000000006,2.54671524163399,-0.0,262900.0,2,1,0.0,0.0,A with temperature: 15,rest,15.9720427497539,15,561,420.0000000001164
262960.0000000002,2.55024873093765,-0.0,262960.0,2,1,0.0,0.0,A with temperature: 15,rest,15.725453456681,15,562,480.00000000023283
263019.99999999994,2.55313921160654,-0.0,263020.0,2,1,0.0,0.0,A with temperature: 15,rest,15.5415036713875,15,563,540.0
263080.00000000006,2.55551760343572,-0.0,263080.0,2,1,0.0,0.0,A with temperature: 15,rest,15.4042767759353,15,564,600.0000000001164
263139.9999999999,2.55748430127663,-0.0,263140.0,2,1,0.0,0.0,A with temperature: 15,rest,15.3019011180948,15,565,659.9999999999418
263199.99999999994,2.55911700340894,-0.0,263200.0,2,1,0.0,0.0,A with temperature: 15,rest,15.2255215324552,15,566,720.0
263260.00000000006,2.56047697699527,-0.0,263260.0,2,1,0.0,0.0,A with temperature: 15,rest,15.1685330594325,15,567,780.0000000001164
263319.9999999998,2.56161313232127,-0.0,263320.0,2,1,0.0,0.0,A with temperature: 15,rest,15.126009131558,15,568,839.9999999998836
263327.5000000001,2.96667504430014,-0.0605515800906498,263327.5,2,2,0.0,0.0,A with temperature: 15,charge,15.1218052672098,15,569,0.0
263334.99999999994,2.98540108342647,-0.0605515800906498,263335.0,2,2,1.261491251888e-07,0.0,A with temperature: 15,charge,15.1176476132748,15,570,7.499999999825377
263342.4999999998,3.00296175123626,-0.0605515800906498,263342.5,2,2,2.522982503777e-07,0.0,A with temperature: 15,charge,15.1135779228832,15,571,14.999999999708962
263350.00000000006,3.01928315419008,-0.0605515800906498,263350.0,2,2,3.7844737556650004e-07,0.0,A with temperature: 15,charge,15.109621595285,15,572,22.499999999941792
263357.49999999994,3.02940580497854,-0.0605515800906498,263357.5,2,2,5.045965007554e-07,0.0,A with temperature: 15,charge,15.1057963024913,15,573,29.999999999825377
263364.9999999999,3.03903380005346,-0.0605515800906498,263365.0,2,2,6.307456259442e-07,0.0,A with temperature: 15,charge,15.1021129059549,15,574,37.49999999976717
263372.50000000006,3.04827443311539,-0.0605515800906498,263372.5,2,2,7.568947511331e-07,0.0,A with temperature: 15,charge,15.0985780017066,15,575,44.99999999994179
263379.99999999994,3.05717513238054,-0.0605515800906498,263380.0,2,2,8.830438763219e-07,0.0,A with temperature: 15,charge,15.09519536932,15,576,52.49999999982538
263440.0000000001,3.11134657368303,-0.0605515800906498,263440.0,2,2,1.8922368778328e-06,0.0,A with temperature: 15,charge,15.0765358093312,15,577,112.5
263499.9999999998,3.15154755618717,-0.0605515800906498,263500.0,2,2,2.9014298793436e-06,0.0,A with temperature: 15,charge,15.0651574840832,15,578,172.49999999970896
263559.99999999994,3.17999477712986,-0.0605515800906498,263560.0,2,2,3.9106228808544e-06,0.0,A with temperature: 15,charge,15.0596960245367,15,579,232.49999999982538
263620.0000000001,3.20275984231313,-0.0605515800906498,263620.0,2,2,4.9198158823653e-06,0.0,A with temperature: 15,charge,15.0585025812962,15,580,292.5
263679.9999999998,3.2125317015907,-0.0605515800906498,263680.0,2,2,5.9290088838761e-06,0.0,A with temperature: 15,charge,15.0597613120805,15,581,352.49999999970896
263740.0,3.22210490891091,-0.0605515800906498,263740.0,2,2,6.9382018853869e-06,0.0,A with temperature: 15,charge,15.062986015946,15,582,412.4999999998836
263800.00000000006,3.23152324095037,-0.0605515800906498,263800.0,2,2,7.947394886897699e-06,0.0,A with temperature: 15,charge,15.0677667642046,15,583,472.4999999999418
263860.0000000002,3.24082039327917,-0.0605515800906498,263860.0,2,2,8.9565878884086e-06,0.0,A with temperature: 15,charge,15.0737774383538,15,584,532.5000000000582
263919.99999999994,3.25002283792773,-0.0605515800906498,263920.0,2,2,9.965780889919402e-06,0.0,A with temperature: 15,charge,15.0807619959778,15,585,592.4999999998254
263980.00000000006,3.25914140763992,-0.0605515800906498,263980.0,2,2,1.09749738914303e-05,0.0,A with temperature: 15,charge,15.0886107898442,15,586,652.4999999999418
264039.9999999999,3.26819526614227,-0.0605515800906498,264040.0,2,2,1.1984166892941101e-05,0.0,A with temperature: 15,charge,15.097153692297,15,587,712.4999999997672
264099.99999999994,3.27720568016951,-0.0605515800906498,264100.0,2,2,1.29933598944519e-05,0.0,A with temperature: 15,charge,15.1062483387903,15,588,772.4999999998254
264160.00000000006,3.28618355882087,-0.0605515800906498,264160.0,2,2,1.40025528959628e-05,0.0,A with temperature: 15,charge,15.1157868711677,15,589,832.4999999999418
264219.9999999998,3.29513773492035,-0.0605515800906498,264220.0,2,2,1.50117458974736e-05,0.0,A with temperature: 15,charge,15.1256865610633,15,590,892.499999999709
264279.99999999994,3.29835073777371,-0.0605515800906498,264280.0,2,2,1.60209388989844e-05,0.0,A with temperature: 15,charge,15.13402309985,15,591,952.4999999998254
264340.0000000001,3.30039574387058,-0.0605515800906498,264340.0,2,2,1.70301319004953e-05,0.0,A with temperature: 15,charge,15.1403918898226,15,592,1012.5
264399.9999999998,3.3024679760765,-0.0605515800906498,264400.0,2,2,1.80393249020061e-05,0.0,A with temperature: 15,charge,15.1452864149565,15,593,1072.499999999709
264459.99999999994,3.30456414575235,-0.0605515800906498,264460.0,2,2,1.90485179035169e-05,0.0,A with temperature: 15,charge,15.149114954153,15,594,1132.4999999998254
264520.0000000001,3.30668273629388,-0.0605515800906498,264520.0,2,2,2.00577109050278e-05,0.0,A with temperature: 15,charge,15.1521793386759,15,595,1192.5
264579.9999999998,3.30882238214607,-0.0605515800906498,264580.0,2,2,2.10669039065386e-05,0.0,A with temperature: 15,charge,15.1547021870844,15,596,1252.499999999709
264640.0,3.31097982882071,-0.0605515800906498,264640.0,2,2,2.20760969080494e-05,0.0,A with temperature: 15,charge,15.1569102955162,15,597,1312.4999999998836
264700.00000000006,3.31314249555063,-0.0605515800906498,264700.0,2,2,2.3085289909560202e-05,0.0,A with temperature: 15,charge,15.1593388256208,15,598,1372.4999999999418
264760.0000000002,3.31532076826109,-0.0605515800906498,264760.0,2,2,2.40944829110711e-05,0.0,A with temperature: 15,charge,15.1620184141728,15,599,1432.5000000000582
264819.99999999994,3.31751568286253,-0.0605515800906498,264820.0,2,2,2.5103675912581903e-05,0.0,A with temperature: 15,charge,15.1649052800966,15,600,1492.4999999998254
264880.00000000006,3.31972018405061,-0.0605515800906498,264880.0,2,2,2.6112868914092703e-05,0.0,A with temperature: 15,charge,15.1681621533155,15,601,1552.4999999999418
264939.9999999999,3.32162883632822,-0.0605515800906498,264940.0,2,2,2.71220619156036e-05,0.0,A with temperature: 15,charge,15.1718607179423,15,602,1612.4999999997672
264999.99999999994,3.32310943603995,-0.0605515800906498,265000.0,2,2,2.81312549171144e-05,0.0,A with temperature: 15,charge,15.1759182119906,15,603,1672.4999999998254
265060.00000000006,3.32463297115051,-0.0605515800906498,265060.0,2,2,2.91404479186252e-05,0.0,A with temperature: 15,charge,15.1793446067396,15,604,1732.4999999999418
265119.9999999998,3.32617896875617,-0.0605515800906498,265120.0,2,2,3.01496409201361e-05,0.0,A with temperature: 15,charge,15.182026737253,15,605,1792.499999999709
265179.99999999994,3.32773855513852,-0.0605515800906498,265180.0,2,2,3.11588339216469e-05,0.0,A with temperature: 15,charge,15.1841449793923,15,606,1852.4999999998254
265240.0000000001,3.32931131660966,-0.0605515800906498,265240.0,2,2,3.21680269231577e-05,0.0,A with temperature: 15,charge,15.1858240570975,15,607,1912.5
265299.9999999998,3.33089551709132,-0.0605515800906498,265300.0,2,2,3.31772199246686e-05,0.0,A with temperature: 15,charge,15.1871931017039,15,608,1972.499999999709
265359.99999999994,3.33249058045444,-0.0605515800906498,265360.0,2,2,3.41864129261794e-05,0.0,A with temperature: 15,charge,15.1883477757032,15,609,2032.4999999998254
265420.0000000001,3.33405739832324,-0.0605515800906498,265420.0,2,2,3.51956059276902e-05,0.0,A with temperature: 15,charge,15.1905753343856,15,610,2092.5
265479.9999999998,3.33562722875062,-0.0605515800906498,265480.0,2,2,3.6204798929201103e-05,0.0,A with temperature: 15,charge,15.1938285806091,15,611,2152.499999999709
265540.0,3.3372062688019,-0.0605515800906498,265540.0,2,2,3.7213991930711896e-05,0.0,A with temperature: 15,charge,15.1978557929638,15,612,2212.4999999998836
265600.00000000006,3.33875887272696,-0.0605515800906498,265600.0,2,2,3.82231849322227e-05,0.0,A with temperature: 15,charge,15.202468755422,15,613,2272.499999999942
265660.0000000002,3.3401858906742,-0.0605515800906498,265660.0,2,2,3.9232377933733604e-05,0.0,A with temperature: 15,charge,15.2075278191223,15,614,2332.500000000058
265719.99999999994,3.34154814520946,-0.0605515800906498,265720.0,2,2,4.0241570935244404e-05,0.0,A with temperature: 15,charge,15.212931409927,15,615,2392.4999999998254
265780.00000000006,3.34291829706734,-0.0605515800906498,265780.0,2,2,4.12507639367552e-05,0.0,A with temperature: 15,charge,15.2186004773152,15,616,2452.499999999942
265839.9999999999,3.34429641222686,-0.0605515800906498,265840.0,2,2,4.2259956938266004e-05,0.0,A with temperature: 15,charge,15.2244641007172,15,617,2512.499999999767
265899.99999999994,3.3456824157165,-0.0605515800906498,265900.0,2,2,4.3269149939776905e-05,0.0,A with temperature: 15,charge,15.230462064191,15,618,2572.4999999998254
265960.00000000006,3.34707533361336,-0.0605515800906498,265960.0,2,2,4.42783429412877e-05,0.0,A with temperature: 15,charge,15.236576199235,15,619,2632.499999999942
266019.9999999998,3.34847522432471,-0.0605515800906498,266020.0,2,2,4.5287535942798505e-05,0.0,A with temperature: 15,charge,15.2427875337717,15,620,2692.499999999709
266079.99999999994,3.34988176938116,-0.0605515800906498,266080.0,2,2,4.62967289443094e-05,0.0,A with temperature: 15,charge,15.2490754302465,15,621,2752.4999999998254
266140.0000000001,3.35129477074523,-0.0605515800906498,266140.0,2,2,4.73059219458202e-05,0.0,A with temperature: 15,charge,15.255423470664,15,622,2812.5
266199.9999999998,3.35271390467788,-0.0605515800906498,266200.0,2,2,4.8315114947331e-05,0.0,A with temperature: 15,charge,15.2618235941322,15,623,2872.499999999709
266259.99999999994,3.35413897616546,-0.0605515800906498,266260.0,2,2,4.93243079488419e-05,0.0,A with temperature: 15,charge,15.2682692099281,15,624,2932.4999999998254
266320.0000000001,3.35536660928927,-0.0605515800906498,266320.0,2,2,5.033350095035271e-05,0.0,A with temperature: 15,charge,15.2747477566753,15,625,2992.5
266379.9999999998,3.35630858479845,-0.0605515800906498,266380.0,2,2,5.13426939518635e-05,0.0,A with temperature: 15,charge,15.28126548105,15,626,3052.499999999709
266440.0,3.35719692387745,-0.0605515800906498,266440.0,2,2,5.23518869533744e-05,0.0,A with temperature: 15,charge,15.2878196408389,15,627,3112.4999999998836
266500.00000000006,3.35809053879914,-0.0605515800906498,266500.0,2,2,5.33610799548852e-05,0.0,A with temperature: 15,charge,15.2944061107793,15,628,3172.499999999942
266560.0000000002,3.35899788781609,-0.0605515800906498,266560.0,2,2,5.4370272956396e-05,0.0,A with temperature: 15,charge,15.3007502579964,15,629,3232.500000000058
266619.99999999994,3.35992542405143,-0.0605515800906498,266620.0,2,2,5.53794659579069e-05,0.0,A with temperature: 15,charge,15.3064289432342,15,630,3292.4999999998254
266680.00000000006,3.36087905081358,-0.0605515800906498,266680.0,2,2,5.63886589594177e-05,0.0,A with temperature: 15,charge,15.3109073011507,15,631,3352.499999999942
266739.9999999999,3.36183755911287,-0.0605515800906498,266740.0,2,2,5.73978519609285e-05,0.0,A with temperature: 15,charge,15.3144972575475,15,632,3412.499999999767
266799.99999999994,3.36280081039766,-0.0605515800906498,266800.0,2,2,5.8407044962439396e-05,0.0,A with temperature: 15,charge,15.3174304094214,15,633,3472.4999999998254
266860.00000000006,3.36376868622174,-0.0605515800906498,266860.0,2,2,5.94162379639502e-05,0.0,A with temperature: 15,charge,15.319879195838,15,634,3532.499999999942
266919.9999999998,3.36474108489543,-0.0605515800906498,266920.0,2,2,6.0425430965461e-05,0.0,A with temperature: 15,charge,15.3219720938721,15,635,3592.499999999709
266979.99999999994,3.36560651483549,-0.0605515800906498,266980.0,2,2,6.14346239669719e-05,0.0,A with temperature: 15,charge,15.3237970297288,15,636,3652.4999999998254
267040.0000000001,3.36632712161711,-0.0605515800906498,267040.0,2,2,6.24438169684827e-05,0.0,A with temperature: 15,charge,15.3254274796623,15,637,3712.5
267099.9999999998,3.36682045345838,-0.0605515800906498,267100.0,2,2,6.34530099699935e-05,0.0,A with temperature: 15,charge,15.326924249745,15,638,3772.499999999709
267159.99999999994,3.36729184858395,-0.0605515800906498,267160.0,2,2,6.44622029715043e-05,0.0,A with temperature: 15,charge,15.3284377290474,15,639,3832.4999999998254
267220.0000000001,3.36774817699046,-0.0605515800906498,267220.0,2,2,6.54713959730152e-05,0.0,A with temperature: 15,charge,15.3305959488162,15,640,3892.5
267279.9999999998,3.36820863989852,-0.0605515800906498,267280.0,2,2,6.6480588974526e-05,0.0,A with temperature: 15,charge,15.3332399097574,15,641,3952.499999999709
267340.0,3.36867326088003,-0.0605515800906498,267340.0,2,2,6.748978197603681e-05,0.0,A with temperature: 15,charge,15.3362513759408,15,642,4012.4999999998836
267400.00000000006,3.36914206723995,-0.0605515800906498,267400.0,2,2,6.849897497754761e-05,0.0,A with temperature: 15,charge,15.3395422683998,15,643,4072.499999999942
267460.0000000002,3.36961509394439,-0.0605515800906498,267460.0,2,2,6.950816797905849e-05,0.0,A with temperature: 15,charge,15.3430468963764,15,644,4132.500000000058
267519.99999999994,3.37009673475903,-0.0605515800906498,267520.0,2,2,7.051736098056929e-05,0.0,A with temperature: 15,charge,15.3465782883611,15,645,4192.499999999825
267580.00000000006,3.3705860044782,-0.0605515800906498,267580.0,2,2,7.15265539820801e-05,0.0,A with temperature: 15,charge,15.3500282423439,15,646,4252.499999999942
267639.9999999999,3.37104964021849,-0.0605515800906498,267640.0,2,2,7.25357469835909e-05,0.0,A with temperature: 15,charge,15.3531632330044,15,647,4312.499999999767
267699.99999999994,3.37145570267827,-0.0605515800906498,267700.0,2,2,7.35449399851018e-05,0.0,A with temperature: 15,charge,15.3559475536628,15,648,4372.499999999825
267760.00000000006,3.37179983222092,-0.0605515800906498,267760.0,2,2,7.455413298661261e-05,0.0,A with temperature: 15,charge,15.3584763334528,15,649,4432.499999999942
267819.9999999998,3.37204338116926,-0.0605515800906498,267820.0,2,2,7.55633259881234e-05,0.0,A with temperature: 15,charge,15.3608250687311,15,650,4492.499999999709
267879.99999999994,3.3723137566156,-0.0605515800906498,267880.0,2,2,7.65725189896342e-05,0.0,A with temperature: 15,charge,15.3628634821525,15,651,4552.499999999825
267940.0000000001,3.3726292943813,-0.0605515800906498,267940.0,2,2,7.758171199114509e-05,0.0,A with temperature: 15,charge,15.3641437310372,15,652,4612.5
267999.9999999998,3.37294989387587,-0.0605515800906498,268000.0,2,2,7.85909049926559e-05,0.0,A with temperature: 15,charge,15.3648654371862,15,653,4672.499999999709
268059.99999999994,3.37327580633844,-0.0605515800906498,268060.0,2,2,7.96000979941667e-05,0.0,A with temperature: 15,charge,15.3651775767856,15,654,4732.499999999825
268120.0000000001,3.37360733158246,-0.0605515800906498,268120.0,2,2,8.06092909956775e-05,0.0,A with temperature: 15,charge,15.3651914964483,15,655,4792.5
268179.9999999998,3.37394483198845,-0.0605515800906498,268180.0,2,2,8.161848399718841e-05,0.0,A with temperature: 15,charge,15.3649907033883,15,656,4852.499999999709
268240.0,3.3744833611543,-0.0605515800906498,268240.0,2,2,8.26276769986992e-05,0.0,A with temperature: 15,charge,15.3646876213921,15,657,4912.499999999884
268300.00000000006,3.3752563064042,-0.0605515800906498,268300.0,2,2,8.363687000021e-05,0.0,A with temperature: 15,charge,15.3643134855581,15,658,4972.499999999942
268360.0000000002,3.3760119137051,-0.0605515800906498,268360.0,2,2,8.46460630017208e-05,0.0,A with temperature: 15,charge,15.3638344183496,15,659,5032.500000000058
268419.99999999994,3.37676651403006,-0.0605515800906498,268420.0,2,2,8.565525600323171e-05,0.0,A with temperature: 15,charge,15.3632640854637,15,660,5092.499999999825
268480.00000000006,3.37750434690346,-0.0605515800906498,268480.0,2,2,8.666444900474251e-05,0.0,A with temperature: 15,charge,15.3625388401579,15,661,5152.499999999942
268539.9999999999,3.37822672176847,-0.0605515800906498,268540.0,2,2,8.767364200625331e-05,0.0,A with temperature: 15,charge,15.3616389967158,15,662,5212.499999999767
268599.99999999994,3.37901530014034,-0.0605515800906498,268600.0,2,2,8.86828350077641e-05,0.0,A with temperature: 15,charge,15.360679402725,15,663,5272.499999999825
268660.00000000006,3.38418647243783,-0.0605515800906498,268660.0,2,2,8.96920280092749e-05,0.0,A with temperature: 15,charge,15.3645841737062,15,664,5332.499999999942
268719.9999999998,3.38852426598333,-0.0605515800906498,268720.0,2,2,9.07012210107858e-05,0.0,A with temperature: 15,charge,15.3716220590886,15,665,5392.499999999709
268779.99999999994,3.39227069084908,-0.0605515800906498,268780.0,2,2,9.17104140122966e-05,0.0,A with temperature: 15,charge,15.3801009728917,15,666,5452.499999999825
268840.0000000001,3.39554551663979,-0.0605515800906498,268840.0,2,2,9.27196070138074e-05,0.0,A with temperature: 15,charge,15.3889846702897,15,667,5512.5
268899.9999999998,3.39842797404231,-0.0605515800906498,268900.0,2,2,9.372880001531821e-05,0.0,A with temperature: 15,charge,15.3976465822373,15,668,5572.499999999709
268959.99999999994,3.40097865088171,-0.0605515800906498,268960.0,2,2,9.47379930168291e-05,0.0,A with temperature: 15,charge,15.4056864259906,15,669,5632.499999999825
269020.0000000001,3.40330556718024,-0.0605515800906498,269020.0,2,2,9.57471860183399e-05,0.0,A with temperature: 15,charge,15.4124922837063,15,670,5692.5
269079.9999999998,3.40538301956568,-0.0605515800906498,269080.0,2,2,9.67563790198507e-05,0.0,A with temperature: 15,charge,15.4181005785936,15,671,5752.499999999709
269140.0,3.40726837897843,-0.0605515800906498,269140.0,2,2,9.776557202136151e-05,0.0,A with temperature: 15,charge,15.4223798471948,15,672,5812.499999999884
269200.00000000006,3.40901292499384,-0.0605515800906498,269200.0,2,2,9.87747650228724e-05,0.0,A with temperature: 15,charge,15.4251099818169,15,673,5872.499999999942
269260.0000000002,3.41063716873042,-0.0605515800906498,269260.0,2,2,9.97839580243832e-05,0.0,A with temperature: 15,charge,15.4261957399725,15,674,5932.500000000058
269319.99999999994,3.41211664449259,-0.0605515800906498,269320.0,2,2,0.000100793151025894,0.0,A with temperature: 15,charge,15.4259228481347,15,675,5992.499999999825
269380.00000000006,3.41346947533059,-0.0605515800906498,269380.0,2,2,0.000101802344027405,0.0,A with temperature: 15,charge,15.4245245797948,15,676,6052.499999999942
269439.9999999999,3.41469917577807,-0.0605515800906498,269440.0,2,2,0.00010281153702891601,0.0,A with temperature: 15,charge,15.4227243515546,15,677,6112.499999999767
269499.99999999994,3.4158319140395,-0.0605515800906498,269500.0,2,2,0.000103820730030426,0.0,A with temperature: 15,charge,15.4205754597814,15,678,6172.499999999825
269560.00000000006,3.41687512771918,-0.0605515800906498,269560.0,2,2,0.000104829923031937,0.0,A with temperature: 15,charge,15.4182584007697,15,679,6232.499999999942
269619.9999999998,3.41783089824853,-0.0605515800906498,269620.0,2,2,0.000105839116033448,0.0,A with temperature: 15,charge,15.416208255266,15,680,6292.499999999709
269679.99999999994,3.41876428107775,-0.0605515800906498,269680.0,2,2,0.000106848309034959,0.0,A with temperature: 15,charge,15.4148450450048,15,681,6352.499999999825
269740.0000000001,3.41969059687411,-0.0605515800906498,269740.0,2,2,0.00010785750203647001,0.0,A with temperature: 15,charge,15.4139551090666,15,682,6412.5
269799.9999999998,3.42056574356497,-0.0605515800906498,269800.0,2,2,0.00010886669503798101,0.0,A with temperature: 15,charge,15.4133832959329,15,683,6472.499999999709
269859.99999999994,3.42148416093953,-0.0605515800906498,269860.0,2,2,0.000109875888039491,0.0,A with temperature: 15,charge,15.4130167087692,15,684,6532.499999999825
269920.0000000001,3.4224482914252,-0.0605515800906498,269920.0,2,2,0.000110885081041002,0.0,A with temperature: 15,charge,15.4127706765277,15,685,6592.5
269979.9999999998,3.42341871286994,-0.0605515800906498,269980.0,2,2,0.000111894274042513,0.0,A with temperature: 15,charge,15.4125877716377,15,686,6652.499999999709
270040.0,3.42436086936651,-0.0605515800906498,270040.0,2,2,0.000112903467044024,0.0,A with temperature: 15,charge,15.4124340895795,15,687,6712.499999999884
270100.00000000006,3.42527850045539,-0.0605515800906498,270100.0,2,2,0.00011391266004553501,0.0,A with temperature: 15,charge,15.4122870827771,15,688,6772.499999999942
270160.0000000002,3.42616849094282,-0.0605515800906498,270160.0,2,2,0.000114921853047046,0.0,A with temperature: 15,charge,15.4127471668131,15,689,6832.500000000058
270219.99999999994,3.42703676655826,-0.0605515800906498,270220.0,2,2,0.000115931046048556,0.0,A with temperature: 15,charge,15.4137884508976,15,690,6892.499999999825
270280.00000000006,3.42788736529977,-0.0605515800906498,270280.0,2,2,0.000116940239050067,0.0,A with temperature: 15,charge,15.415262456833,15,691,6952.499999999942
270339.9999999999,3.42872285335478,-0.0605515800906498,270340.0,2,2,0.000117949432051578,0.0,A with temperature: 15,charge,15.4170648125535,15,692,7012.499999999767
270399.99999999994,3.42958348143687,-0.0605515800906498,270400.0,2,2,0.00011895862505308901,0.0,A with temperature: 15,charge,15.4191617163344,15,693,7072.499999999825
270460.00000000006,3.43044763019133,-0.0605515800906498,270460.0,2,2,0.0001199678180546,0.0,A with temperature: 15,charge,15.4214807233469,15,694,7132.499999999942
270519.9999999998,3.43131642793491,-0.0605515800906498,270520.0,2,2,0.000120977011056111,0.0,A with temperature: 15,charge,15.4239891393683,15,695,7192.499999999709
270579.99999999994,3.43222429873136,-0.0605515800906498,270580.0,2,2,0.00012198620405762101,0.0,A with temperature: 15,charge,15.4266800725329,15,696,7252.499999999825
270640.0000000001,3.43316793357192,-0.0605515800906498,270640.0,2,2,0.000122995397059132,0.0,A with temperature: 15,charge,15.4295288685344,15,697,7312.5
270699.9999999998,3.43410703546085,-0.0605515800906498,270700.0,2,2,0.000124004590060643,0.0,A with temperature: 15,charge,15.4324996858304,15,698,7372.499999999709
270759.99999999994,3.43504274042948,-0.0605515800906498,270760.0,2,2,0.000125013783062154,0.0,A with temperature: 15,charge,15.4355659168943,15,699,7432.499999999825
270820.0000000001,3.43598337778612,-0.0605515800906498,270820.0,2,2,0.000126022976063665,0.0,A with temperature: 15,charge,15.4385526000307,15,700,7492.5
270879.9999999998,3.43694065447552,-0.0605515800906498,270880.0,2,2,0.00012703216906517602,0.0,A with temperature: 15,charge,15.4408431894731,15,701,7552.499999999709
270940.0,3.43790420122114,-0.0605515800906498,270940.0,2,2,0.000128041362066686,0.0,A with temperature: 15,charge,15.4426230542041,15,702,7612.499999999884
271000.00000000006,3.43887312630455,-0.0605515800906498,271000.0,2,2,0.000129050555068197,0.0,A with temperature: 15,charge,15.4440294164393,15,703,7672.499999999942
271060.0000000002,3.43984727396821,-0.0605515800906498,271060.0,2,2,0.00013005974806970798,0.0,A with temperature: 15,charge,15.4451645403303,15,704,7732.500000000058
271119.99999999994,3.4407457757018,-0.0605515800906498,271120.0,2,2,0.000131068941071219,0.0,A with temperature: 15,charge,15.4460953287694,15,705,7792.499999999825
271180.00000000006,3.44173000092159,-0.0605515800906498,271180.0,2,2,0.00013207813407273001,0.0,A with temperature: 15,charge,15.4468183960336,15,706,7852.499999999942
271239.9999999999,3.44275059440407,-0.0605515800906498,271240.0,2,2,0.000133087327074241,0.0,A with temperature: 15,charge,15.4473671699331,15,707,7912.499999999767
271299.99999999994,3.44373522659896,-0.0605515800906498,271300.0,2,2,0.00013409652007575102,0.0,A with temperature: 15,charge,15.4478403034491,15,708,7972.499999999825
271360.00000000006,3.44472648617878,-0.0605515800906498,271360.0,2,2,0.00013510571307726198,0.0,A with temperature: 15,charge,15.4482992157174,15,709,8032.499999999942
271419.9999999998,3.44574520288795,-0.0605515800906498,271420.0,2,2,0.000136114906078773,0.0,A with temperature: 15,charge,15.4487807731896,15,710,8092.499999999709
271479.99999999994,3.44678699864696,-0.0605515800906498,271480.0,2,2,0.000137124099080284,0.0,A with temperature: 15,charge,15.449334628215,15,711,8152.499999999825
271540.0000000001,3.44824468681043,-0.0605515800906498,271540.0,2,2,0.000138133292081795,0.0,A with temperature: 15,charge,15.4502341010739,15,712,8212.5
271599.9999999998,3.45069844902978,-0.0605515800906498,271600.0,2,2,0.00013914248508330602,0.0,A with temperature: 15,charge,15.4541965789946,15,713,8272.499999999709
271659.99999999994,3.45328556269567,-0.0605515800906498,271660.0,2,2,0.00014015167808481598,0.0,A with temperature: 15,charge,15.4599615327726,15,714,8332.499999999825
271720.0000000001,3.45607115157379,-0.0605515800906498,271720.0,2,2,0.000141160871086327,0.0,A with temperature: 15,charge,15.4669800888128,15,715,8392.5
271779.9999999998,3.46196760690156,-0.0605515800906498,271780.0,2,2,0.000142170064087838,0.0,A with temperature: 15,charge,15.4768037103441,15,716,8452.499999999709
271840.0,3.46760673139145,-0.0605515800906498,271840.0,2,2,0.000143179257089349,0.0,A with temperature: 15,charge,15.4879146221848,15,717,8512.499999999884
271900.00000000006,3.47308511132233,-0.0605515800906498,271900.0,2,2,0.00014418845009086002,0.0,A with temperature: 15,charge,15.4999445115535,15,718,8572.499999999942
271960.0000000002,3.47837697324507,-0.0605515800906498,271960.0,2,2,0.00014519764309237098,0.0,A with temperature: 15,charge,15.5126376033512,15,719,8632.500000000058
272019.99999999994,3.48352142468838,-0.0605515800906498,272020.0,2,2,0.000146206836093881,0.0,A with temperature: 15,charge,15.5258232591926,15,720,8692.499999999825
272080.00000000006,3.48862592551747,-0.0605515800906498,272080.0,2,2,0.000147216029095392,0.0,A with temperature: 15,charge,15.539338707664,15,721,8752.499999999942
272139.9999999999,3.49371592187015,-0.0605515800906498,272140.0,2,2,0.000148225222096903,0.0,A with temperature: 15,charge,15.5529620582898,15,722,8812.499999999767
272199.99999999994,3.49878322526317,-0.0605515800906498,272200.0,2,2,0.00014923441509841402,0.0,A with temperature: 15,charge,15.5666502430252,15,723,8872.499999999825
272260.00000000006,3.50653366103452,-0.0605515800906498,272260.0,2,2,0.000150243608099925,0.0,A with temperature: 15,charge,15.5780154972846,15,724,8932.499999999942
272319.9999999998,3.51641436860046,-0.0605515800906498,272320.0,2,2,0.000151252801101436,0.0,A with temperature: 15,charge,15.5864812732804,15,725,8992.499999999709
272379.99999999994,3.52597755842234,-0.0605515800906498,272380.0,2,2,0.000152261994102946,0.0,A with temperature: 15,charge,15.5949782827291,15,726,9052.499999999825
272440.0000000001,3.54079641681478,-0.0605515800906498,272440.0,2,2,0.000153271187104457,0.0,A with temperature: 15,charge,15.5737832519837,15,727,9112.5
272499.9999999998,3.55891948929015,-0.0605515800906498,272500.0,2,2,0.00015428038010596802,0.0,A with temperature: 15,charge,15.532965708317,15,728,9172.499999999709
272559.99999999994,3.58058298737892,-0.0605515800906498,272560.0,2,2,0.000155289573107479,0.0,A with temperature: 15,charge,15.487323771598,15,729,9232.499999999825
272620.0000000001,3.47044759367214,-0.0,272620.0,2,3,0.000155289573107479,0.0,A with temperature: 15,rest,15.3672592844242,15,730,0.0
272679.9999999998,3.46138533337872,-0.0,272680.0,2,3,0.000155289573107479,0.0,A with temperature: 15,rest,15.2753986237532,15,731,59.99999999970896
272740.0,3.45704177582457,-0.0,272740.0,2,3,0.000155289573107479,0.0,A with temperature: 15,rest,15.2061021977461,15,732,119.99999999988358
272800.00000000006,3.45466484296912,-0.0,272800.0,2,3,0.000155289573107479,0.0,A with temperature: 15,rest,15.15407718083,15,733,179.9999999999418
272860.0000000002,3.45326110909301,-0.0,272860.0,2,3,0.000155289573107479,0.0,A with temperature: 15,rest,15.1151077459306,15,734,240.0000000000582
272919.99999999994,3.45238758090017,-0.0,272920.0,2,3,0.000155289573107479,0.0,A with temperature: 15,rest,15.0859559231514,15,735,299.9999999998254
272980.00000000006,3.45182135384005,-0.0,272980.0,2,3,0.000155289573107479,0.0,A with temperature: 15,rest,15.0641667357822,15,736,359.9999999999418
273039.9999999999,3.45144169737332,-0.0,273040.0,2,3,0.000155289573107479,0.0,A with temperature: 15,rest,15.0478863547246,15,737,419.99999999976717
273099.99999999994,3.4511798726768,-0.0,273100.0,2,3,0.000155289573107479,0.0,A with temperature: 15,rest,15.035731423523,15,738,479.9999999998254
273160.00000000006,3.4509949665074,-0.0,273160.0,2,3,0.000155289573107479,0.0,A with temperature: 15,rest,15.0266588633802,15,739,539.9999999999418
273219.9999999998,3.45086182985814,-0.0,273220.0,2,3,0.000155289573107479,0.0,A with temperature: 15,rest,15.019888285281,15,740,599.999999999709
273279.99999999994,3.4507644537264,-0.0,273280.0,2,3,0.000155289573107479,0.0,A with temperature: 15,rest,15.0148363071894,15,741,659.9999999998254
273340.0000000001,3.45069232785807,-0.0,273340.0,2,3,0.000155289573107479,0.0,A with temperature: 15,rest,15.0110670780104,15,742,720.0
273399.9999999998,3.45063835756656,-0.0,273400.0,2,3,0.000155289573107479,0.0,A with temperature: 15,rest,15.0082551094907,15,743,779.999999999709
273459.99999999994,3.4505976357272,-0.0,273460.0,2,3,0.000155289573107479,0.0,A with temperature: 15,rest,15.0061574083606,15,744,839.9999999998254
273520.0000000001,3.45056669725554,-0.0,273520.0,2,3,0.000155289573107479,0.0,A with temperature: 15,rest,15.0045926106006,15,745,900.0
